{"cameraMode":{"drawMode":0,"name":"Shaded","section":"Shading Mode"},"sceneLighting":true,"audioPlay":false,"sceneViewState":{"showFog":true,"showMaterialUpdate":false,"showSkybox":true,"showFlares":true,"showImageEffects":true,"showParticleSystems":true,"showVisualEffectGraphs":true,"m_FxEnabled":true},"in2DMode":false,"pivot":{"x":2.3015167713165285,"y":-2.6493186950683595,"z":-0.19737160205841065},"rotation":{"x":-0.15128211677074433,"y":0.7073432207107544,"z":-0.19747601449489594,"w":-0.6616821885108948},"size":24.331106185913087,"orthographic":false}